,,,,,,,,,,,,,,,,,,,,,,,,,,,,,,,,,,,,,,,,,,,,,,,,,,,,,,,,,,,,,,,,,,,,,,,,,,,,,,,,,,,,,,
Locations,,,,,,,,,,,,,,,,,,,,,,,,,,,,,,,,,,,,,,,,,,,,,,,,,,,,,,,,,,,,,,,,,,,,,,,,,,,,,,,,,,,,,,
* Required,,,,,,,,,,,,,,,,,,,,,,,,,,,,,,,,,,,,,,,,,,,,,,,,,,,,,,,,,,,,,,,,,,,,,,,,,,,,,,,,,,,,,,
*Batch Identifier,Location Original System,Location Original System Reference,Insert Update Indicator ,Country,Address Line 1,Address Line 2,Address Line 3,Address Line 4,City,State,Province,County,Postal Code,Postal Code Extension,Location Language,Description,Short Description,Sales Tax Geocode,Sales Tax Inside City Limits,Timezone Code Identifier,Address Line 1,Address Validation Source,Returned Address Validation Code,Address Validation Date,Address Effective Date,Address Expiration Date,Validation Indicator,Validation Ineligible Indicator,Interface Status,Error Identifier,User Defined Context Prompt,Descriptive Flexfield Segment1,Descriptive Flexfield Segment2,Descriptive Flexfield Segment3,Descriptive Flexfield Segment4,Descriptive Flexfield Segment5,Descriptive Flexfield Segment6,Descriptive Flexfield Segment7,Descriptive Flexfield Segment8,Descriptive Flexfield Segment9,Descriptive Flexfield Segment10,Descriptive Flexfield Segment11,Descriptive Flexfield Segment12,Descriptive Flexfield Segment13,Descriptive Flexfield Segment14,Descriptive Flexfield Segment15,Descriptive Flexfield Segment16,Descriptive Flexfield Segment17,Descriptive Flexfield Segment18,Descriptive Flexfield Segment19,Descriptive Flexfield Segment20,Descriptive Flexfield Segment21,Descriptive Flexfield Segment22,Descriptive Flexfield Segment23,Descriptive Flexfield Segment24,Descriptive Flexfield Segment25,Descriptive Flexfield Segment26,Descriptive Flexfield Segment27,Descriptive Flexfield Segment28,Descriptive Flexfield Segment29,Descriptive Flexfield Segment30,Descriptive Flexfield Number Segment1,Descriptive Flexfield Number Segment2,Descriptive Flexfield Number Segment3,Descriptive Flexfield Number Segment4,Descriptive Flexfield Number Segment5,Descriptive Flexfield Number Segment6,Descriptive Flexfield Number Segment7,Descriptive Flexfield Number Segment8,Descriptive Flexfield Number Segment9,Descriptive Flexfield Number Segment10,Descriptive Flexfield Number Segment11,Descriptive Flexfield Number Segment12,Descriptive Flexfield Date Segment1,Descriptive Flexfield Date Segment2,Descriptive Flexfield Date Segment3,Descriptive Flexfield Date Segment4,Descriptive Flexfield Date Segment5,Descriptive Flexfield Date Segment6,Descriptive Flexfield Date Segment7,Descriptive Flexfield Date Segment8,Descriptive Flexfield Date Segment9,Descriptive Flexfield Date Segment10,Descriptive Flexfield Date Segment11,Descriptive Flexfield Date Segment12,GNR Status
300100011327368,DNB,DATA-27368-1-LOC-1,,US,DATA-27368-1-100 Oracle Parkway,,,,REDWOOD CITY,CA,,SAN MATEO,,,,100 BUILDING,,,,,,,,,,,,,,,,,,,,,,,,,,,,,,,,,,,,,,,,,,,,,,,,,,,,,,,,,,,,,,,,,,,,,,
300100011327368,DNB,DATA-27368-1-LOC-CLS1,,US,100 Oracle Parkway,,,,REDWOOD CITY,CA,,SAN MATEO,94065,,,,,,,,,,,,,,,,,,,,,,,,,,,,,,,,,,,,,,,,,,,,,,,,,,,,,,,,,,,,,,,,,,,,,,,,,
300100011327368,DNB,DATA-27368-1-LOC-Cls2,,US,2822 W 32ND ST,,,,BROOKLYN,,,,,,,,,,,,,,,,,,,,,,,,,,,,,,,,,,,,,,,,,,,,,,,,,,,,,,,,,,,,,,,,,,,,,,,,,,,,,
300100011327368,DNB,DATA-27368-2-LOC-1,,US,DATA-27368-2-100 Oracle Parkway,,,,REDWOOD CITY,CA,,SAN MATEO,,,,100 BUILDING,,,,,,,,,,,,,,,,,,,,,,,,,,,,,,,,,,,,,,,,,,,,,,,,,,,,,,,,,,,,,,,,,,,,,,
300100011327368,DNB,DATA-27368-2-LOC-CLS1,,US,100 Oracle Parkway,,,,REDWOOD CITY,CA,,SAN MATEO,94065,,,,,,,,,,,,,,,,,,,,,,,,,,,,,,,,,,,,,,,,,,,,,,,,,,,,,,,,,,,,,,,,,,,,,,,,,
300100011327368,DNB,DATA-27368-2-LOC-Cls2,,US,2822 W 32ND ST,,,,BROOKLYN,,,,,,,,,,,,,,,,,,,,,,,,,,,,,,,,,,,,,,,,,,,,,,,,,,,,,,,,,,,,,,,,,,,,,,,,,,,,,
300100011327368,DNB,DATA-27368-3-LOC-1,,US,DATA-27368-3-100 Oracle Parkway,,,,REDWOOD CITY,CA,,SAN MATEO,,,,100 BUILDING,,,,,,,,,,,,,,,,,,,,,,,,,,,,,,,,,,,,,,,,,,,,,,,,,,,,,,,,,,,,,,,,,,,,,,
300100011327368,DNB,DATA-27368-3-LOC-CLS1,,US,100 Oracle Parkway,,,,REDWOOD CITY,CA,,SAN MATEO,94065,,,,,,,,,,,,,,,,,,,,,,,,,,,,,,,,,,,,,,,,,,,,,,,,,,,,,,,,,,,,,,,,,,,,,,,,,
300100011327368,DNB,DATA-27368-3-LOC-Cls2,,US,2822 W 32ND ST,,,,BROOKLYN,,,,,,,,,,,,,,,,,,,,,,,,,,,,,,,,,,,,,,,,,,,,,,,,,,,,,,,,,,,,,,,,,,,,,,,,,,,,,
300100011327368,DNB,DATA-27368-4-LOC-1,,US,DATA-27368-4-100 Oracle Parkway,,,,REDWOOD CITY,CA,,SAN MATEO,,,,100 BUILDING,,,,,,,,,,,,,,,,,,,,,,,,,,,,,,,,,,,,,,,,,,,,,,,,,,,,,,,,,,,,,,,,,,,,,,
300100011327368,DNB,DATA-27368-4-LOC-CLS1,,US,100 Oracle Parkway,,,,REDWOOD CITY,CA,,SAN MATEO,94065,,,,,,,,,,,,,,,,,,,,,,,,,,,,,,,,,,,,,,,,,,,,,,,,,,,,,,,,,,,,,,,,,,,,,,,,,
300100011327368,DNB,DATA-27368-4-LOC-Cls2,,US,2822 W 32ND ST,,,,BROOKLYN,,,,,,,,,,,,,,,,,,,,,,,,,,,,,,,,,,,,,,,,,,,,,,,,,,,,,,,,,,,,,,,,,,,,,,,,,,,,,
300100011327368,DNB,DATA-27368-5-LOC-1,,US,DATA-27368-5-100 Oracle Parkway,,,,REDWOOD CITY,CA,,SAN MATEO,,,,100 BUILDING,,,,,,,,,,,,,,,,,,,,,,,,,,,,,,,,,,,,,,,,,,,,,,,,,,,,,,,,,,,,,,,,,,,,,,
300100011327368,DNB,DATA-27368-5-LOC-CLS1,,US,100 Oracle Parkway,,,,REDWOOD CITY,CA,,SAN MATEO,94065,,,,,,,,,,,,,,,,,,,,,,,,,,,,,,,,,,,,,,,,,,,,,,,,,,,,,,,,,,,,,,,,,,,,,,,,,
300100011327368,DNB,DATA-27368-5-LOC-Cls2,,US,2822 W 32ND ST,,,,BROOKLYN,,,,,,,,,,,,,,,,,,,,,,,,,,,,,,,,,,,,,,,,,,,,,,,,,,,,,,,,,,,,,,,,,,,,,,,,,,,,,
300100011327368,DNB,DATA-27368-6-LOC-1,,US,DATA-27368-6-100 Oracle Parkway,,,,REDWOOD CITY,CA,,SAN MATEO,,,,100 BUILDING,,,,,,,,,,,,,,,,,,,,,,,,,,,,,,,,,,,,,,,,,,,,,,,,,,,,,,,,,,,,,,,,,,,,,,
300100011327368,DNB,DATA-27368-6-LOC-CLS1,,US,100 Oracle Parkway,,,,REDWOOD CITY,CA,,SAN MATEO,94065,,,,,,,,,,,,,,,,,,,,,,,,,,,,,,,,,,,,,,,,,,,,,,,,,,,,,,,,,,,,,,,,,,,,,,,,,
300100011327368,DNB,DATA-27368-6-LOC-Cls2,,US,2822 W 32ND ST,,,,BROOKLYN,,,,,,,,,,,,,,,,,,,,,,,,,,,,,,,,,,,,,,,,,,,,,,,,,,,,,,,,,,,,,,,,,,,,,,,,,,,,,
300100011327368,DNB,DATA-27368-7-LOC-1,,US,DATA-27368-7-100 Oracle Parkway,,,,REDWOOD CITY,CA,,SAN MATEO,,,,100 BUILDING,,,,,,,,,,,,,,,,,,,,,,,,,,,,,,,,,,,,,,,,,,,,,,,,,,,,,,,,,,,,,,,,,,,,,,
300100011327368,DNB,DATA-27368-7-LOC-CLS1,,US,100 Oracle Parkway,,,,REDWOOD CITY,CA,,SAN MATEO,94065,,,,,,,,,,,,,,,,,,,,,,,,,,,,,,,,,,,,,,,,,,,,,,,,,,,,,,,,,,,,,,,,,,,,,,,,,
300100011327368,DNB,DATA-27368-7-LOC-Cls2,,US,2822 W 32ND ST,,,,BROOKLYN,,,,,,,,,,,,,,,,,,,,,,,,,,,,,,,,,,,,,,,,,,,,,,,,,,,,,,,,,,,,,,,,,,,,,,,,,,,,,
300100011327368,DNB,DATA-27368-8-LOC-1,,US,DATA-27368-8-100 Oracle Parkway,,,,REDWOOD CITY,CA,,SAN MATEO,,,,100 BUILDING,,,,,,,,,,,,,,,,,,,,,,,,,,,,,,,,,,,,,,,,,,,,,,,,,,,,,,,,,,,,,,,,,,,,,,
300100011327368,DNB,DATA-27368-8-LOC-CLS1,,US,100 Oracle Parkway,,,,REDWOOD CITY,CA,,SAN MATEO,94065,,,,,,,,,,,,,,,,,,,,,,,,,,,,,,,,,,,,,,,,,,,,,,,,,,,,,,,,,,,,,,,,,,,,,,,,,
300100011327368,DNB,DATA-27368-8-LOC-Cls2,,US,2822 W 32ND ST,,,,BROOKLYN,,,,,,,,,,,,,,,,,,,,,,,,,,,,,,,,,,,,,,,,,,,,,,,,,,,,,,,,,,,,,,,,,,,,,,,,,,,,,
300100011327368,DNB,DATA-27368-9-LOC-1,,US,DATA-27368-9-100 Oracle Parkway,,,,REDWOOD CITY,CA,,SAN MATEO,,,,100 BUILDING,,,,,,,,,,,,,,,,,,,,,,,,,,,,,,,,,,,,,,,,,,,,,,,,,,,,,,,,,,,,,,,,,,,,,,
300100011327368,DNB,DATA-27368-9-LOC-CLS1,,US,100 Oracle Parkway,,,,REDWOOD CITY,CA,,SAN MATEO,94065,,,,,,,,,,,,,,,,,,,,,,,,,,,,,,,,,,,,,,,,,,,,,,,,,,,,,,,,,,,,,,,,,,,,,,,,,
300100011327368,DNB,DATA-27368-9-LOC-Cls2,,US,2822 W 32ND ST,,,,BROOKLYN,,,,,,,,,,,,,,,,,,,,,,,,,,,,,,,,,,,,,,,,,,,,,,,,,,,,,,,,,,,,,,,,,,,,,,,,,,,,,
300100011327368,DNB,DATA-27368-10-LOC-1,,US,DATA-27368-10-100 Oracle Parkway,,,,REDWOOD CITY,CA,,SAN MATEO,,,,100 BUILDING,,,,,,,,,,,,,,,,,,,,,,,,,,,,,,,,,,,,,,,,,,,,,,,,,,,,,,,,,,,,,,,,,,,,,,
300100011327368,DNB,DATA-27368-10-LOC-CLS1,,US,100 Oracle Parkway,,,,REDWOOD CITY,CA,,SAN MATEO,94065,,,,,,,,,,,,,,,,,,,,,,,,,,,,,,,,,,,,,,,,,,,,,,,,,,,,,,,,,,,,,,,,,,,,,,,,,
300100011327368,DNB,DATA-27368-10-LOC-Cls2,,US,2822 W 32ND ST,,,,BROOKLYN,,,,,,,,,,,,,,,,,,,,,,,,,,,,,,,,,,,,,,,,,,,,,,,,,,,,,,,,,,,,,,,,,,,,,,,,,,,,,
