ShipTo_BillTo_Address,GPR,ShipTo_BillTo_Address,,1006,,,,,,,,,1560,,,,,,,,,,,,,USD,,,,,2016/10/10 17:12:13,204,,,,,,,204,,,,,,,,,,,,,,,,,,,,,,,,,,,,END
FullOrder_TIA_EFF,LEG,LEGACYFullOrder_TIA_EFF,001,1006,Computer Service and Rentals,Bill,Gates, ,Jr,Mr,,1006-Party,1560, ,Bill,Williams,Bob, ,Mr.,ORGANIZATION,,1560-Contact,1000,Preferred Sold To Contact Point Orig Sys Reference,,USD,US Dollar,Spot,1.23,2014/01/15 10:10:10,2016/01/29 10:10:10, ,Vision Operations,,,,Order FullOrder_TIA_EFF,FullOrder_TIA_EFF, ,,,N,NONE,No Reason,2014/01/15 10:10:10,N,N,N,,N,,,,,,,,,,,,,,,,,END
SalesCredits_OrderLine,LEG,LEGACY-SC,001,1006,Computer Service and Rentals,,,,,,1006,1006-Party,1560,Piere Legrand,,,,,,,CONTACT-1560,1560-Contact,,,,USD, ,,,,2016/01/29 10:10:10, ,Vision Operations,,,,,cc,204,,,N,,,,N,N,N,,,,,,,,,,,,,,,,,,,END
CreateCustomer_01,LEG,LEGACY-CUST,, ,Test Service and Rentals,,,,,, , , , ,Char,Smith,M,,,ORGANIZATION, , ,,,,USD, ,,,,2016/01/29 10:10:10,,Vision Operations,,,,Add new customer and contact,cc,204,,,,,,,N,N,N,,Y,,,,,,,,,,,,,,,,,END
FreezePrice,LEG,LEGACY0-FP2, ,,Computer Associates International,,,,,, ,,,,,,,,,ORGANIZATION,,,,,CPODEMO-3, ,US Dollar,,,,2016/01/29 10:10:10,204, ,xxxx,yyyyyyy,,Frozen Prices,FP,204,Vision Operations,,N,,, ,Y,Y,Y,,N, ,,,,,,,,,,,,,,,,END
SaleCredits-OrderHeader,LEG,LEGACY-HSC,001,1006,Computer Service and Rentals,,,,,,1006,1006-Party,1560,Piere Legrand,,,,,,,CONTACT-1560,1560-Contact,,,,USD, ,,,,2016/01/29 10:10:10,204,Vision Operations,,,,order with header sales credits,xx,204,,,N,,,,,,,,,,,,,,,,,,,,,,,,,END
Dates_Cancel_PricedOn-01A,LEG,LEGACY-DATE,1,1006,,,,,,,,,,Piere Legrand,,,,,,,,,,,datetest,USD,,,,,2016/04/25 00:00:00,204,,,,2016/04/25 00:00:00,testing dates,date,204,,,N,,,2016/04/25 00:00:00,N,N,N,,N,,,,,,,,,,,,,,,,,END
MK_Config_Test_01,LEG,MK_Config_Test_01,1,1006,,,,,,,,,,,,,,,,ORGANIZATION,,,,,,USD,US Dollar,,,,2017/05/26 10:11:41,204,,,,,,20171115_B9,204,,,N,,,,N,N,N,,,,,,,Y,,,,,,,,,,,,END
MK_Config_Test_02,LEG,MK_Config_Test_02,1,1006,,,,,,,,,,,,,,,,ORGANIZATION,,,,,,USD,US Dollar,,,,2017/05/26 10:11:41,204,,,,,,20171115_B9,204,,,N,,,,N,N,N,,,,,,,Y,,,,,,,,,,,,END
ATO-Model,GPR,ATO-Model,,1006,,,,,,,,,1560,,,,,,,,,,,,,USD,,,,,2017/01/19 10:10:10,204,204,,,,Ato w options,,204,,,,,,,N,,,,,,,,,Y,,,,,,,,,,,,END
Prepriced_With_MPA,GPR,Prepriced_With_MPA,,1006,,,,,,,,,1560,,,,,,,,,,,,,USD,,,,,2016/11/24 10:10:10,204,,,,,prepriced w MPA,cc5,204,,DOO_BillOnlyGeneircProcess,,,,,Y,,,,,,,,,Y,,,,,,,,,,,,END
ImmediateCoverage_With_MPA,GPR,ImmediateCoverage_With_MPA,,1006,,,,,,,,,1560,,,,,,,,,,,,,USD,,,,,2016/11/24 10:10:10,204,,,,,immed coverage w MPA,cc5,204,,ShipOrderGenericProcess,,,,,N,,,,,,,,,Y,,,,,,,,,,,,END
CreditCheck_RecurBill_ImmCov,GPR,CreditCheck_RecurBill_ImmCov,,1006,,,,,,,,,1560,,,,,,,,,,,,,USD,,,,,2016/11/24 10:10:10,204,,,,,immed coverage w cc&recur,cc7,204,,,,,,,N,,,,,,,,,Y,,,,,,,,,,,,END
PrepricedCreditCheck_RecurBill,GPR,PrepricedCreditCheck_RecurBill,,1006,,,,,,,,,1560,,,,,,,,,,,,,USD,,,,,2016/11/24 10:10:10,204,,,,,prepriced w cc & recur,cc7,204,,DOO_BillOnlyGeneircProcess,,,,,Y,,,,,,,,,Y,,,,,,,,,,,,END
URR_SRD_01,GPR,URR_SRD_01,,1006,,,,,,,,,1560,,,,,,,,,,,,,USD,,,,,2018/01/24 10:10:10,204,,,,,,URR_SRD_01,204,,,,,,,N,N,N,,,,,,,Y,,,,,,,,,,,,END
URR_SUB_01,GPR,URR_SUB_01,,1006,,,,,,,,,1560,,,,,,,,,,,,,USD,,,,,2018/01/24 10:10:10,204,,,,,,URR_SRD_01,204,,,,,,,N,N,N,,,,,,,Y,,,,,,,,,,,,END
CC_COV_SO_002,GPR,CC_COV_SO_002,,1006,,,,,,,,,1560,,,,,,,,,,,,,USD,,,,,2016/11/24 10:10:10,204,,,,,,,204,,ShipOrderGenericProcess,,,,,N,,,,,,,,,Y,,,,,,,,,,,,END
PROJECTS_SAMPLE001,GPR,PROJECTS_SAMPLE001,,1006,Computer Service and Rentals,,,,,,1006,,1560,,,,,,,,,,,,,USD,,,,,2016/10/10 17:12:13,204,,,,,Project Testing,,204,,,,,,,N,N,N,,,,,,,Y,,,,,,,,,,,,END
SO_SUBS_C1,ORA_BM_CPQ,SO_SUBS_C1,,1006,Computer Service and Rentals,,,,,,1006,1006-Party,1560,Piere Legrand,,,,,,,CONTACT-1560,1560-Contact,,,,USD,US Dollar,,,,2021/01/28 00:00:00,204,Vision Operations,,,,,SO_SUBS_C1,204,,,N,,,,Y,Y,Y,,N,,,,,Y,,,,,,,,,,,,END
PureSubscription_0040603,ORA_BM_CPQ,PureSubscription_0040603,,1006,Computer Service and Rentals,,,,,,1006,1006-Party,1560,Piere Legrand,,,,,,,CONTACT-1560,1560-Contact,,,,USD,US Dollar,,,,2021/04/05 00:00:00,204,Vision Operations,,,,,PureSubscription_0040603,204,,,N,,,,Y,Y,Y,,N,,,,,Y,,,,,,,,,,,,END
Amend_Subscription_033002,ORA_BM_CPQ,Amend_Subscription_033002,,1006,Computer Service and Rentals,,,,,,1006,1006-Party,1560,Piere Legrand,,,,,,,CONTACT-1560,1560-Contact,,,,USD,US Dollar,,,,2021/04/05 00:00:00,204,Vision Operations,,,,,Amend_Subscription_033002,204,,,N,,,,Y,Y,Y,,N,,,,,Y,,,,,,,,,,,,END
TER_PureSubscription_033005,ORA_BM_CPQ,TER_PureSubscription_033005,,1006,Computer Service and Rentals,,,,,,1006,1006-Party,1560,Piere Legrand,,,,,,,CONTACT-1560,1560-Contact,,,,USD,US Dollar,,,,2021/04/05 00:00:00,204,Vision Operations,,,,,TER_PureSubscription_033005,204,,,N,,,,Y,Y,Y,,N,,,,,Y,,,,,,,,,,,,END
SUB_ASSOCIATED_033003,ORA_BM_CPQ,SUB_ASSOCIATED_033003,,1006,Computer Service and Rentals,,,,,,1006,1006-Party,1560,Piere Legrand,,,,,,,CONTACT-1560,1560-Contact,,,,USD,US Dollar,,,,2021/04/05 00:00:00,204,Vision Operations,,,,,SUB_ASSOCIATED_033003,204,,,N,,,,Y,Y,Y,,N,,,,,Y,,,,,,,,,,,,END
CreditcardTKN_004,GPR,CreditcardTKN_004,,300100046859201,FOM-Customer-001,,,,,,CDRM_78619,,300100046859285,James Pattison,,,,,,,CDRM_78623,,,,,USD,US Dollar,,,,2021/04/05 00:00:00,204,Vision Operations,,,,,CreditcardTKN_004,204,,,N,,,,N,N,N,,N,,,,,Y,,,,,,,,,,,,END
CCTKN_SUBS_008,ORA_BM_CPQ,CCTKN_SUBS_008,,1006,Computer Service and Rentals,,,,,,1006,1006-Party,1560,Piere Legrand,,,,,,,CONTACT-1560,1560-Contact,,,,USD,US Dollar,,,,2021/04/05 00:00:00,204,Vision Operations,,,,,CCTKN_SUBS_008,204,,,N,,,,Y,Y,Y,,N,,,,,Y,,,,,,,,,,,,END
PrepaidCash1,GPR,PrepaidCash1,,300100046859201,FOM-Customer-001,,,,,,CDRM_78619,,300100046859285,James Pattison,,,,,,,CDRM_78623,,,,,USD,US Dollar,,,,2025/01/28 00:00:00,204,Vision Operations,,,,,PrepaidCash1,204,,,N,,,,N,N,N,,N,,,,,Y,,,,,,,,,,,,END
PrepaidCheck_342,ORA_BM_CPQ,PrepaidCheck_342,,1006,Computer Service and Rentals,,,,,,1006,1006-Party,1560,Piere Legrand,,,,,,,CONTACT-1560,1560-Contact,,,,USD,US Dollar,,,,2025/01/28 00:00:00,204,Vision Operations,,,,,PrepaidCheck_342,204,,,N,,,,Y,Y,Y,,N,,,,,Y,,,,,,,,,,,,END
SupplierSite_001,GPR,SupplierSite_001,,1006,Computer Service and Rentals,,,,,,1006,1006-Party,1560,Piere Legrand,,,,,,,CONTACT-1560,1560-Contact,,,,USD,US Dollar,,,,2025/05/28 00:00:00,204,Vision Operations,,,,,SupplierSite_001,204,,,,,,,N,N,N,,N,,,,,Y,,,,,,,,,,,,END
UserConversionType_001,GPR,UserConversionType_001,,1006,Computer Service and Rentals,,,,,,1006,1006-Party,1560,Piere Legrand,,,,,,,CONTACT-1560,1560-Contact,,,,USD,US Dollar,,,,2025/05/28 00:00:00,204,Vision Operations,,,,,UserConversionType_001,204,,,,,,,N,N,N,,N,,,,,Y,,,,,,,,,,AR_Corporate,,END
BillingSets,GPR,BillingSets,,1006,,,,,,,,,1560,,,,,,,,,,,,,USD,,,,,2017/01/19 10:10:10,204,,,,,"Ato with Billing Set, Std",BillingSets,204,,,,,,,N,,,,,,,,,Y,,,,,,,,,,,Y,END
