SO_SUBS_C1,ORA_BM_CPQ,101,101,1,2021/04/02,,0zE,,2,,Markdown,10,END
PureSubscription_0040603,ORA_BM_CPQ,101,101,1,2020/04/08,,0zE,,2,,Markdown,10,END
Amend_Subscription_033002,ORA_BM_CPQ,101,101,1,2021/04/02,,0zE,,2,,Markdown,10,END
TER_PureSubscription_033005,ORA_BM_CPQ,101,101,1,2020/04/08,,0zE,,2,,Markdown,10,END
SUB_ASSOCIATED_033003,ORA_BM_CPQ,103,103,1,2020/04/02,,0zE,,2,,Markdown,10,END
SUB_ASSOCIATED_033003,ORA_BM_CPQ,104,104,1,2020/04/02,,0zE,,2,,Markdown,10,END
CCTKN_SUBS_008,ORA_BM_CPQ,101,101,1,2021/02/18,,0zE,,2,,Markdown,10,END
