ShipTo_BillTo_Address,GPR,101,101,SCC2,SC1,1,,USD,,100,10,USD,,100,10,QP_NET_PRICE,,LIST_PRICE, ,N,,,,,,END
ShipTo_BillTo_Address,GPR,101,101,SCC1,SC1,2,,USD,,90,9,,,90,9,QP_NET_PRICE,,NET_PRICE, ,N,,,,,,END
ShipTo_BillTo_Address,GPR,102,102,SCC1,SC1,1,,USD,,100,10,USD,,100,10,QP_NET_PRICE,,LIST_PRICE, ,N,,,,100,100,END
ShipTo_BillTo_Address,GPR,102,102,SCC2,SC1,2,,USD,,90,9,,,90,9,QP_NET_PRICE,,NET_PRICE, ,N,,,,90,90,END
FullOrder_TIA_EFF,LEG,1,101,SCC01,SC01,1,,USD,US Dollar,10,10,USD,US Dollar,10,10,,List Price,LIST_PRICE, ,N, ,,,,,END
FullOrder_TIA_EFF,LEG,1,101,SCC02,SC01,2,,USD,US Dollar,10,10,USD,US Dollar,10,10,QP_NET_PRICE,,,Net price,N,,,,,,END
FreezePrice,LEG,1,101,SCC1,SC1,1,,USD,,10,10,USD,,10,10,QP_NET_PRICE,,NET_PRICE, ,,,,,,,END
FreezePrice,LEG,1,101,SCC2,SC1,2,,USD,,10,10,USD,,10,10,,List Price,,List price,,,,,,,END
Prepriced_With_MPA,GPR,101,101,SCC2,SC1,1,,USD,,237500,47500,USD,,237500,47500,QP_LIST_PRICE,,LIST_PRICE,,N,,,,,,END
Prepriced_With_MPA,GPR,101,101,SCC1,SC1,2,,USD,,213750,42750,USD,,213750,42750,QP_NET_PRICE,,NET_PRICE,,N,,,,,,END
Prepriced_With_MPA,GPR,101,101,SCC3,SC1,3,,USD,,-100,-100,USD,,-100,-100,QP_CUSTOM_ADJUSTMENT,,PRICE_ADJUSTMENT,,N,,,1,,,END
Prepriced_With_MPA,GPR,102,102,SCC1,SC1,1,,USD,,23750,4750,USD,,23750,4750,QP_LIST_PRICE,,LIST_PRICE,,N,,,,23750,23750,END
Prepriced_With_MPA,GPR,102,102,SCC2,SC1,2,,USD,,21375,4275,USD,,21375,4275,QP_NET_PRICE,,NET_PRICE,,N,,,,21375,21375,END
Prepriced_With_MPA,GPR,102,102,SCC3,SC1,3,,USD,,-100,-100,USD,,-100,-100,QP_CUSTOM_ADJUSTMENT,,PRICE_ADJUSTMENT,,N,,,1,,,END
ImmediateCoverage_With_MPA,GPR,101,101,SCC2,SC1,1,,USD,,237500,47500,USD,,237500,47500,QP_LIST_PRICE,,LIST_PRICE,,N,,,,,,END
ImmediateCoverage_With_MPA,GPR,101,101,SCC1,SC1,2,,USD,,213750,42750,,,213750,42750,QP_NET_PRICE,,NET_PRICE,,N,,,,,,END
ImmediateCoverage_With_MPA,GPR,102,102,SCC1,SC1,1,,USD,,23750,4750,USD,,23750,4750,QP_LIST_PRICE,,LIST_PRICE,,N,,,,23750,23750,END
ImmediateCoverage_With_MPA,GPR,102,102,SCC2,SC1,2,,USD,,21375,4275,,,21375,4275,QP_NET_PRICE,,NET_PRICE,,N,,,,21375,21375,END
CreditCheck_RecurBill_ImmCov,GPR,101,101,SCC2,SC1,1,,USD,,237500,47500,USD,,237500,47500,QP_LIST_PRICE,,LIST_PRICE,,N,,,,,,END
CreditCheck_RecurBill_ImmCov,GPR,101,101,SCC1,SC1,2,,USD,,213750,42750,,,213750,42750,QP_NET_PRICE,,NET_PRICE,,N,,,,,,END
CreditCheck_RecurBill_ImmCov,GPR,102,102,SCC1,SC1,1,,USD,,23750,4750,USD,,23750,4750,QP_LIST_PRICE,,LIST_PRICE,,N,,,,23750,23750,END
CreditCheck_RecurBill_ImmCov,GPR,102,102,SCC2,SC1,2,,USD,,21375,4275,,,21375,4275,QP_NET_PRICE,,NET_PRICE,,N,,,,21375,21375,END
PrepricedCreditCheck_RecurBill,GPR,101,101,SCC2,SC1,1,,USD,,237500,47500,USD,,237500,47500,QP_LIST_PRICE,,LIST_PRICE,,N,,,,,,END
PrepricedCreditCheck_RecurBill,GPR,101,101,SCC1,SC1,2,,USD,,213750,42750,,,213750,42750,QP_NET_PRICE,,NET_PRICE,,N,,,,,,END
PrepricedCreditCheck_RecurBill,GPR,102,102,SCC1,SC1,1,,USD,,23750,4750,USD,,23750,4750,QP_LIST_PRICE,,LIST_PRICE,,N,,,,23750,23750,END
PrepricedCreditCheck_RecurBill,GPR,102,102,SCC2,SC1,2,,USD,,21375,4275,,,21375,4275,QP_NET_PRICE,,NET_PRICE,,N,,,,21375,21375,END
CC_COV_SO_002,GPR,101,101,SCC2,SC1,1,,USD,,237500,47500,USD,,237500,47500,QP_LIST_PRICE,,LIST_PRICE,,N,,,,,,END
CC_COV_SO_002,GPR,101,101,SCC1,SC1,2,,USD,,213750,42750,,,213750,42750,QP_NET_PRICE,,NET_PRICE,,N,,,,,,END
CC_COV_SO_002,GPR,102,102,SCC1,SC1,1,,USD,,23750,4750,USD,,23750,4750,QP_LIST_PRICE,,LIST_PRICE,,N,,,,23750,23750,END
CC_COV_SO_002,GPR,102,102,SCC2,SC1,2,,USD,,21375,4275,,,21375,4275,QP_NET_PRICE,,NET_PRICE,,N,,,,21375,21375,END
SO_SUBS_C1,ORA_BM_CPQ,101,101,SCC1,C1,1,,USD,,10,500,USD,,5000,500,QP_LIST_PRICE,,LIST_PRICE,,N,,,,,5000,END
SO_SUBS_C1,ORA_BM_CPQ,101,101,SCC2,C1,2,,USD,,1100,10,USD,,5000,500,QP_NET_PRICE,,NET_PRICE,,N,,,,,5000,END
PureSubscription_0040603,ORA_BM_CPQ,101,101,SCC1,Activation_Fee,1,,USD,,10,500,USD,,5000,500,QP_LIST_PRICE,,LIST_PRICE,,N,,,,500,500,END
PureSubscription_0040603,ORA_BM_CPQ,101,101,SCC2,Activation_Fee,2,,USD,,1100,10,USD,,5000,500,QP_NET_PRICE,,NET_PRICE,,N,,,,450,450,END
PureSubscription_0040603,ORA_BM_CPQ,101,101,SCC1,Monthly_Fee,1,,USD,,5.99,5.99,USD,,5.99,5.99,QP_LIST_PRICE,,LIST_PRICE,,N,,,,71.88,71.88,END
PureSubscription_0040603,ORA_BM_CPQ,101,101,SCC2,Monthly_Fee,2,,USD,,5.39,5.39,USD,,5.39,5.39,QP_NET_PRICE,,NET_PRICE,,N,,,,64.68,64.68,END
PureSubscription_0040603,ORA_BM_CPQ,101,101,C1-CC1,Data_Storage_Fee,1,,USD,,10,10,USD,,100,10,QP_LIST_PRICE,,LIST_PRICE,,N,,,,100,100,END
PureSubscription_0040603,ORA_BM_CPQ,101,101,C1-CC2,Data_Storage_Fee,2,,USD,,10,10,USD,,100,10,QP_NET_PRICE,,NET_PRICE,,N,,,,100,100,END
Amend_Subscription_033002,ORA_BM_CPQ,101,101,SCC1,Activation_Fee,1,,USD,,10,500,USD,,5000,500,QP_LIST_PRICE,,LIST_PRICE,,N,,,,500,500,END
Amend_Subscription_033002,ORA_BM_CPQ,101,101,SCC2,Activation_Fee,2,,USD,,1100,10,USD,,5000,500,QP_NET_PRICE,,NET_PRICE,,N,,,,450,450,END
Amend_Subscription_033002,ORA_BM_CPQ,101,101,SCC1,Monthly_Fee,1,,USD,,5.99,5.99,USD,,5.99,5.99,QP_LIST_PRICE,,LIST_PRICE,,N,,,,71.88,71.88,END
Amend_Subscription_033002,ORA_BM_CPQ,101,101,SCC2,Monthly_Fee,2,,USD,,5.39,5.39,USD,,5.39,5.39,QP_NET_PRICE,,NET_PRICE,,N,,,,64.68,64.68,END
Amend_Subscription_033002,ORA_BM_CPQ,101,101,C1-CC1,Data_Storage_Fee,1,,USD,,10,10,USD,,100,10,QP_LIST_PRICE,,LIST_PRICE,,N,,,,100,100,END
Amend_Subscription_033002,ORA_BM_CPQ,101,101,C1-CC2,Data_Storage_Fee,2,,USD,,10,10,USD,,100,10,QP_NET_PRICE,,NET_PRICE,,N,,,,100,100,END
TER_PureSubscription_033005,ORA_BM_CPQ,101,101,SCC1,Activation_Fee,1,,USD,,10,500,USD,,5000,500,QP_LIST_PRICE,,LIST_PRICE,,N,,,,500,500,END
TER_PureSubscription_033005,ORA_BM_CPQ,101,101,SCC2,Activation_Fee,2,,USD,,1100,10,USD,,5000,500,QP_NET_PRICE,,NET_PRICE,,N,,,,450,450,END
TER_PureSubscription_033005,ORA_BM_CPQ,101,101,SCC1,Monthly_Fee,1,,USD,,5.99,5.99,USD,,5.99,5.99,QP_LIST_PRICE,,LIST_PRICE,,N,,,,71.88,71.88,END
TER_PureSubscription_033005,ORA_BM_CPQ,101,101,SCC2,Monthly_Fee,2,,USD,,5.39,5.39,USD,,5.39,5.39,QP_NET_PRICE,,NET_PRICE,,N,,,,64.68,64.68,END
TER_PureSubscription_033005,ORA_BM_CPQ,101,101,C1-CC1,Data_Storage_Fee,1,,USD,,10,10,USD,,100,10,QP_LIST_PRICE,,LIST_PRICE,,N,,,,100,100,END
TER_PureSubscription_033005,ORA_BM_CPQ,101,101,C1-CC2,Data_Storage_Fee,2,,USD,,10,10,USD,,100,10,QP_NET_PRICE,,NET_PRICE,,N,,,,100,100,END
SUB_ASSOCIATED_033003,ORA_BM_CPQ,103,103,SCC1,Activation_Fee,1,,USD,,10,500,USD,,5000,500,QP_LIST_PRICE,,LIST_PRICE,,N,,,,,5000,END
SUB_ASSOCIATED_033003,ORA_BM_CPQ,103,103,SCC2,Activation_Fee,2,,USD,,1100,10,USD,,5000,500,QP_NET_PRICE,,NET_PRICE,,N,,,,,5000,END
SUB_ASSOCIATED_033003,ORA_BM_CPQ,101,101,SCC2,SC1,1,,USD,,475000,47500,USD,,475000,47500,QP_LIST_PRICE,,LIST_PRICE,,N,,,,,,END
SUB_ASSOCIATED_033003,ORA_BM_CPQ,101,101,SCC1,SC1,2,,USD,,470000,47000,USD,,470000,47000,QP_NET_PRICE,,NET_PRICE,,N,,,,,,END
SUB_ASSOCIATED_033003,ORA_BM_CPQ,103,103,SCC1,Monthly_Fee,1,,USD,,5.99,5.99,USD,,5.99,5.99,QP_LIST_PRICE,,LIST_PRICE,,N,,,,71.88,71.88,END
SUB_ASSOCIATED_033003,ORA_BM_CPQ,103,103,SCC2,Monthly_Fee,2,,USD,,5.39,5.39,USD,,5.39,5.39,QP_NET_PRICE,,NET_PRICE,,N,,,,64.68,64.68,END
SUB_ASSOCIATED_033003,ORA_BM_CPQ,102,102,SCC2,SC2,1,,USD,,475000,47500,USD,,475000,47500,QP_LIST_PRICE,,LIST_PRICE,,N,,,,,,END
SUB_ASSOCIATED_033003,ORA_BM_CPQ,102,102,SCC1,SC2,2,,USD,,470000,47000,USD,,470000,47000,QP_NET_PRICE,,NET_PRICE,,N,,,,,,END
SUB_ASSOCIATED_033003,ORA_BM_CPQ,104,104,SCC1,Activation_Fee,1,,USD,,10,500,USD,,5000,500,QP_LIST_PRICE,,LIST_PRICE,,N,,,,,5000,END
SUB_ASSOCIATED_033003,ORA_BM_CPQ,104,104,SCC2,Activation_Fee,2,,USD,,1100,10,USD,,5000,500,QP_NET_PRICE,,NET_PRICE,,N,,,,,5000,END
SUB_ASSOCIATED_033003,ORA_BM_CPQ,104,104,SCC1,Monthly_Fee,1,,USD,,5.99,5.99,USD,,5.99,5.99,QP_LIST_PRICE,,LIST_PRICE,,N,,,,71.88,71.88,END
SUB_ASSOCIATED_033003,ORA_BM_CPQ,104,104,SCC2,Monthly_Fee,2,,USD,,5.39,5.39,USD,,5.39,5.39,QP_NET_PRICE,,NET_PRICE,,N,,,,64.68,64.68,END
CCTKN_SUBS_008,ORA_BM_CPQ,101,101,SCC1,Activation_Fee,1,,USD,,10,500,USD,,5000,500,QP_LIST_PRICE,,LIST_PRICE,,N,,,,500,500,END
CCTKN_SUBS_008,ORA_BM_CPQ,101,101,SCC2,Activation_Fee,2,,USD,,1100,10,USD,,5000,500,QP_NET_PRICE,,NET_PRICE,,N,,,,450,450,END
CCTKN_SUBS_008,ORA_BM_CPQ,101,101,SCC1,Monthly_Fee,1,,USD,,5.99,5.99,USD,,5.99,5.99,QP_LIST_PRICE,,LIST_PRICE,,N,,,,71.88,71.88,END
CCTKN_SUBS_008,ORA_BM_CPQ,101,101,SCC2,Monthly_Fee,2,,USD,,5.39,5.39,USD,,5.39,5.39,QP_NET_PRICE,,NET_PRICE,,N,,,,64.68,64.68,END
CCTKN_SUBS_008,ORA_BM_CPQ,101,101,C1-CC1,Data_Storage_Fee,1,,USD,,10,10,USD,,100,10,QP_LIST_PRICE,,LIST_PRICE,,N,,,,100,100,END
CCTKN_SUBS_008,ORA_BM_CPQ,101,101,C1-CC2,Data_Storage_Fee,2,,USD,,10,10,USD,,100,10,QP_NET_PRICE,,NET_PRICE,,N,,,,100,100,END
